{"cameraMode":{"drawMode":0,"name":"Shaded","section":"Shading Mode"},"sceneLighting":false,"audioPlay":false,"sceneViewState":{"m_AlwaysRefresh":false,"showFog":true,"showSkybox":true,"showFlares":true,"showImageEffects":true,"showParticleSystems":true,"showVisualEffectGraphs":true,"m_FxEnabled":true},"in2DMode":false,"pivot":{"x":-27.070579528808595,"y":-12.519963264465332,"z":-14.843219757080079},"rotation":{"x":-0.09071234613656998,"y":-0.22737611830234528,"z":0.021278459578752519,"w":-0.9693393707275391},"size":54.308006286621097,"orthographic":false}